Tensors_:0,Tensors_:1,Tensors_:2,Tensors_:3,Tensors_:4,Tensors_:5,Tensors_:6,Tensors_:7,Tensors_:8,Points:0,Points:1,Points:2
1,2,3,3,1,2,2,3,1,0.17146,-0.68537,-0.47017
1,-1,0,-1,2,-1,0,-1,1,0.67365,-1.0869,-0.28247
8,1,6,3,5,7,4,9,2,0.33694,-1.6386,-0.41639
390.12,29.24,81.13,78.246,-15.358,87.843,-477.58,-46.895,-226.83,-0.25608,-1.2095,-0.39966
163.72,29.24,81.13,78.246,133.69,-146.44,259.4,320.89,-207.33,0.48345,-0.76362,-0.36673
45.593,29.24,81.13,78.246,137.2,-311.68,77.686,141.76,-138.29,0.33867,-0.69665,-0.42792
-5.4906,29.24,81.13,78.246,114.93,-469.75,4.5217,59.763,-111.79,0.22878,-0.68255,-0.45937
1,0.5,0.333333,0.5,0.333333,0.25,0.333333,0.25,0.2,0.28496,-0.68642,-0.44504
1,-0.0290867,-0.148224,-0.0290867,1,0.100207,-0.148224,0.100207,1,0.38976,-0.71302,-0.40866
